-- phpMyAdmin SQL Dump
-- version 5.2.1
-- https://www.phpmyadmin.net/
--
-- Máy chủ: 127.0.0.1
-- Thời gian đã tạo: Th1 13, 2026 lúc 02:14 PM
-- Phiên bản máy phục vụ: 10.4.32-MariaDB
-- Phiên bản PHP: 8.0.30

SET SQL_MODE = "NO_AUTO_VALUE_ON_ZERO";
START TRANSACTION;
SET time_zone = "+00:00";


/*!40101 SET @OLD_CHARACTER_SET_CLIENT=@@CHARACTER_SET_CLIENT */;
/*!40101 SET @OLD_CHARACTER_SET_RESULTS=@@CHARACTER_SET_RESULTS */;
/*!40101 SET @OLD_COLLATION_CONNECTION=@@COLLATION_CONNECTION */;
/*!40101 SET NAMES utf8mb4 */;

--
-- Cơ sở dữ liệu: `qltv_db`
--

-- --------------------------------------------------------

--
-- Cấu trúc bảng cho bảng `books`
--

CREATE TABLE `books` (
  `id` int(11) NOT NULL,
  `title` varchar(200) DEFAULT NULL,
  `author` varchar(100) DEFAULT NULL,
  `price` decimal(10,2) DEFAULT NULL,
  `published_year` int(11) DEFAULT NULL
) ENGINE=InnoDB DEFAULT CHARSET=utf8mb4 COLLATE=utf8mb4_unicode_ci;

--
-- Đang đổ dữ liệu cho bảng `books`
--

INSERT INTO `books` (`id`, `title`, `author`, `price`, `published_year`) VALUES
(1, 'Sách 1', 'Tác giả 1', 10.50, 2020),
(2, 'Sách 2', 'Tác giả 2', 15.00, 2021),
(3, 'Sách 3', 'Tác giả 3', 20.00, 2022),
(4, 'Sách 4', 'Tác giả 4', 25.00, 2023),
(5, 'Sách 5', 'Tác giả 5', 30.00, 2024);

-- --------------------------------------------------------

--
-- Cấu trúc bảng cho bảng `borrows`
--

CREATE TABLE `borrows` (
  `id` int(11) NOT NULL,
  `reader_id` int(11) DEFAULT NULL,
  `book_id` int(11) DEFAULT NULL,
  `borrow_date` date DEFAULT NULL,
  `return_date` date DEFAULT NULL
) ENGINE=InnoDB DEFAULT CHARSET=utf8mb4 COLLATE=utf8mb4_unicode_ci;

--
-- Đang đổ dữ liệu cho bảng `borrows`
--

INSERT INTO `borrows` (`id`, `reader_id`, `book_id`, `borrow_date`, `return_date`) VALUES
(1, 1, 1, '2024-01-01', '2024-01-10'),
(2, 1, 2, '2024-02-01', '2024-02-10'),
(3, 2, 3, '2024-03-01', NULL),
(4, 3, 4, '2024-03-05', '2024-03-15'),
(5, 2, 5, '2024-03-10', NULL);

-- --------------------------------------------------------

--
-- Cấu trúc bảng cho bảng `readers`
--

CREATE TABLE `readers` (
  `id` int(11) NOT NULL,
  `full_name` varchar(120) DEFAULT NULL,
  `phone` varchar(20) DEFAULT NULL
) ENGINE=InnoDB DEFAULT CHARSET=utf8mb4 COLLATE=utf8mb4_unicode_ci;

--
-- Đang đổ dữ liệu cho bảng `readers`
--

INSERT INTO `readers` (`id`, `full_name`, `phone`) VALUES
(1, 'Nguyễn Văn An', '0911111111'),
(2, 'Trần Thị Bình', '0922222222'),
(3, 'Lê Văn Cường', '0933333333');

--
-- Chỉ mục cho các bảng đã đổ
--

--
-- Chỉ mục cho bảng `books`
--
ALTER TABLE `books`
  ADD PRIMARY KEY (`id`);

--
-- Chỉ mục cho bảng `borrows`
--
ALTER TABLE `borrows`
  ADD PRIMARY KEY (`id`);

--
-- Chỉ mục cho bảng `readers`
--
ALTER TABLE `readers`
  ADD PRIMARY KEY (`id`);

--
-- AUTO_INCREMENT cho các bảng đã đổ
--

--
-- AUTO_INCREMENT cho bảng `books`
--
ALTER TABLE `books`
  MODIFY `id` int(11) NOT NULL AUTO_INCREMENT, AUTO_INCREMENT=6;

--
-- AUTO_INCREMENT cho bảng `borrows`
--
ALTER TABLE `borrows`
  MODIFY `id` int(11) NOT NULL AUTO_INCREMENT, AUTO_INCREMENT=6;

--
-- AUTO_INCREMENT cho bảng `readers`
--
ALTER TABLE `readers`
  MODIFY `id` int(11) NOT NULL AUTO_INCREMENT, AUTO_INCREMENT=4;
COMMIT;

/*!40101 SET CHARACTER_SET_CLIENT=@OLD_CHARACTER_SET_CLIENT */;
/*!40101 SET CHARACTER_SET_RESULTS=@OLD_CHARACTER_SET_RESULTS */;
/*!40101 SET COLLATION_CONNECTION=@OLD_COLLATION_CONNECTION */;
